<?xml version="1.0" encoding="UTF-8"?>
<beans xmlns="http://www.springframework.org/schema/beans"
	xmlns:mvc="http://www.springframework.org/schema/mvc"
	 xmlns:context="http://www.springframework.org/schema/context"
	xmlns:xsi="http://www.w3.org/2001/XMLSchema-instance"
	xmlns:tx="http://www.springframework.org/schema/tx"
	xsi:schemaLocation="
        http://www.springframework.org/schema/beans     
        http://www.springframework.org/schema/beans/spring-beans-3.1.xsd
        http://www.springframework.org/schema/mvc 
        http://www.springframework.org/schema/mvc/spring-mvc-3.0.xsd
        http://www.springframework.org/schema/context 
        http://www.springframework.org/schema/context/spring-context-3.1.xsd
        http://www.springframework.org/schema/tx
	http://www.springframework.org/schema/tx/spring-tx.xsd">
<context:component-scan base-package="group3_emart"/>
<mvc:resources mapping="/resources/**" location="/resources/" />
<mvc:annotation-driven />


      <bean id="dataSource"
        class="org.springframework.jdbc.datasource.DriverManagerDataSource">

        <property name="driverClassName" value="com.mysql.jdbc.Driver" />
        <property name="url" value="jdbc:mysql://localhost:3306/mydb" />
        <property name="username" value="root" />
        <property name="password" value="root" />
    </bean>


   
       <bean id="sessionFactory" class="org.springframework.orm.hibernate3.annotation.AnnotationSessionFactoryBean">
		<property name="dataSource" ref="dataSource" />
        <property name="hibernateProperties">
            <props>
                <prop key="hibernate.dialect">org.hibernate.dialect.MySQLDialect</prop>
                <prop key="hibernate.show_sql">true</prop>
                <prop key="hibernate.hbm2ddl.auto">update</prop>

            </props>
        </property>
        <property name="annotatedClasses">
            <list>
                  <value>group3_emart.customer_master</value>
                   <value>group3_emart.product_master</value>
                  <value>group3_emart.category_master</value>
                    <value>group3_emart.invoice_header</value>
                     <value>group3_emart.invoice_detail</value>
                  
                  
            </list>
        </property>
   </bean>
   
   
   
   
	    <bean id="template" class="org.springframework.orm.hibernate3.HibernateTemplate">  
	    <property name="sessionFactory" ref="sessionFactory"></property>  
	    </bean>


<bean id="tilesConfigurer"
    class="org.springframework.web.servlet.view.tiles2.TilesConfigurer">
    <property name="definitions">
        <list>
            <value>/WEB-INF/tiles.xml</value>
        </list>
    </property>
</bean>

<bean id="viewResolver1"
    class="org.springframework.web.servlet.view.UrlBasedViewResolver">
    <property name="viewClass">
        <value>
            org.springframework.web.servlet.view.tiles2.TilesView
        </value>
    </property>
</bean>

<bean id="viewResolver"
  class="org.springframework.web.servlet.view.ResourceBundleViewResolver">
  <property name="order" value="1"></property>
  <property name="basename" value="views"></property>
 </bean>

</beans>
