<?xml version="1.0" encoding="UTF-8" ?>
<!DOCTYPE tiles-definitions PUBLIC
       "-//Apache Software Foundation//DTD Tiles Configuration 2.0//EN"
       "http://tiles.apache.org/dtds/tiles-config_2_0.dtd">
<tiles-definitions>
    <definition name="base.definition"
        template="Layout.jsp">
        <put-attribute name="subheader" value="/SubHeader.jsp" />
        <put-attribute name="header" value="/Header.jsp" />
        <put-attribute name="body" value="" />
        <put-attribute name="footer" value="/Footer.jsp" />
    </definition>
    
    
    
    
    
    
  <definition name="otherbase.definition"
        template="Layout_2.jsp">
        <put-attribute name="header" value="/Header.jsp" />
        <put-attribute name="body" value="" />
        <put-attribute name="footer" value="/Footer.jsp" />
    </definition>
    
    
    
 
    <definition name="login.definition" extends="otherbase.definition">
    <put-attribute name="body" value="/login.jsp" />
    </definition>
    
   
    
    <definition name="Registration.definition" extends="otherbase.definition">
        <put-attribute name="body" value="/Registration.jsp" />
    </definition>
    
    
     <definition name="category.definition" extends="base.definition">
        <put-attribute name="body" value="/Category.jsp" />
    </definition>
    
    
     <definition name="product.definition" extends="base.definition">
        <put-attribute name="body" value="/Product.jsp" />
    </definition>
    
    
      <definition name="productdetail.definition" extends="otherbase.definition">
        <put-attribute name="body" value="/Productdetail.jsp" />
    </definition>
    
     <definition name="productdetailepoints.definition" extends="otherbase.definition">
        <put-attribute name="body" value="/Product_detail_epoint.jsp" />
    </definition>
   
    <definition name="cart.definition" extends="otherbase.definition">
        <put-attribute name="body" value="/cart.jsp" />
    </definition>
   
  <definition name="invoice.definition" extends="otherbase.definition">
        <put-attribute name="body" value="/invoice.jsp" />
    </definition>
 
</tiles-definitions>